{"cameraMode":{"drawMode":0,"name":"Shaded","section":"Shading Mode"},"sceneLighting":true,"audioPlay":false,"sceneViewState":{"showFog":true,"showMaterialUpdate":false,"showSkybox":true,"showFlares":true,"showImageEffects":true,"showParticleSystems":true},"in2DMode":false,"pivot":{"x":-2.6981780529022219,"y":-1.441197395324707,"z":13.132305145263672},"rotation":{"x":-0.002024316694587469,"y":0.9800534248352051,"z":-0.1984725296497345,"w":-0.00999617762863636},"size":32.415672302246097,"orthographic":false}