{"cameraMode":{"drawMode":0,"name":"Shaded","section":"Shading Mode"},"sceneLighting":false,"audioPlay":false,"sceneViewState":{"showFog":true,"showMaterialUpdate":false,"showSkybox":true,"showFlares":true,"showImageEffects":true,"showParticleSystems":true},"in2DMode":false,"pivot":{"x":0.000001430511474609375,"y":2.8773715496063234,"z":0.13516712188720704},"rotation":{"x":-0.04335929825901985,"y":0.95460045337677,"z":-0.17401368916034699,"w":-0.23785965144634248},"size":16.243417739868165,"orthographic":false}