{"cameraMode":{"drawMode":0,"name":"Shaded","section":"Shading Mode"},"sceneLighting":true,"audioPlay":false,"sceneViewState":{"showFog":true,"showMaterialUpdate":false,"showSkybox":true,"showFlares":true,"showImageEffects":true,"showParticleSystems":true},"in2DMode":false,"pivot":{"x":3.851525068283081,"y":1.0836009979248047,"z":6.639244079589844},"rotation":{"x":-0.016958588734269143,"y":-0.9636793732643127,"z":0.25894245505332949,"w":-0.06311406940221787},"size":34.10090255737305,"orthographic":false}