{"cameraMode":{"drawMode":0,"name":"Shaded","section":"Shading Mode"},"sceneLighting":false,"audioPlay":false,"sceneViewState":{"showFog":true,"showMaterialUpdate":true,"showSkybox":true,"showFlares":true,"showImageEffects":true,"showParticleSystems":true},"in2DMode":false,"pivot":{"x":7.657196998596191,"y":13.873841285705567,"z":-17.00509262084961},"rotation":{"x":-0.041217077523469928,"y":0.8310987949371338,"z":0.06215732544660568,"w":0.5511011481285095},"size":14.600271224975586,"orthographic":false}