{"cameraMode":{"drawMode":0,"name":"Shaded","section":"Shading Mode"},"sceneLighting":true,"audioPlay":false,"sceneViewState":{"showFog":true,"showMaterialUpdate":true,"showSkybox":true,"showFlares":true,"showImageEffects":true,"showParticleSystems":true},"in2DMode":false,"pivot":{"x":-7.530169486999512,"y":-5.436088562011719,"z":6.661567687988281},"rotation":{"x":0.0004325287591200322,"y":0.977005660533905,"z":-0.2132038176059723,"w":0.0019843282643705608},"size":43.49415588378906,"orthographic":false}