{"cameraMode":{"drawMode":0,"name":"Shaded","section":"Shading Mode"},"sceneLighting":false,"audioPlay":false,"sceneViewState":{"showFog":true,"showMaterialUpdate":true,"showSkybox":true,"showFlares":true,"showImageEffects":true,"showParticleSystems":true},"in2DMode":false,"pivot":{"x":-8.432945251464844,"y":-47.56706237792969,"z":-46.32162857055664},"rotation":{"x":0.22998519241809846,"y":0.7699979543685913,"z":-0.42349135875701907,"w":0.4181687831878662},"size":44.409645080566409,"orthographic":false}